Timestamp (UTC)	Timestamp (ms)	Comp1 time	Latitude	Longitude	Altitude
2016-11-09 19:29:44.771	1478719784771	19:29:43.139	37.41037	-122.05937	0.0
2016-11-09 19:29:45.048	1478719785048	19:29:45.000	35.764862	-120.769966	225.85564
2016-11-09 19:29:46.042	1478719786042	19:29:46.000	35.76492	-120.76997	222.36989
2016-11-09 19:29:47.07	1478719787070	19:29:47.013	35.76497	-120.76997	226.67233
2016-11-09 19:29:48.067	1478719788067	19:29:48.011	35.764977	-120.76997	226.62378
2016-11-09 19:29:49.075	1478719789075	19:29:49.011	35.765034	-120.77	225.83661
2016-11-09 19:29:50.217	1478719790217	19:29:50.011	35.765026	-120.77	225.48439
2016-11-09 19:29:51.113	1478719791113	19:29:51.000	35.76501	-120.77	225.0239
2016-11-09 19:29:52.072	1478719792072	19:29:52.000	35.765	-120.76999	224.45212
2016-11-09 19:29:53.06	1478719793060	19:29:53.000	35.76499	-120.76999	223.73857
2016-11-09 19:29:54.243	1478719794243	19:29:54.000	35.764984	-120.76998	223.05602
2016-11-09 19:29:55.089	1478719795089	19:29:55.000	35.76498	-120.76998	222.3804
2016-11-09 19:29:56.052	1478719796052	19:29:56.000	35.764977	-120.76998	221.9473
2016-11-09 19:29:57.081	1478719797081	19:29:57.000	35.764973	-120.76997	221.49167
2016-11-09 19:29:58.057	1478719798057	19:29:58.000	35.76497	-120.76997	220.99944
2016-11-09 19:29:59.114	1478719799114	19:29:59.000	35.764965	-120.769966	220.29439
2016-11-09 19:30:00.088	1478719800088	19:30:00.000	35.764965	-120.769966	219.71495
2016-11-09 19:30:01.091	1478719801091	19:30:01.000	35.764965	-120.769966	219.1309
2016-11-09 19:30:02.06	1478719802060	19:30:02.000	35.76496	-120.769966	218.65236
2016-11-09 19:30:03.053	1478719803053	19:30:03.000	35.764965	-120.76996	218.23079
2016-11-09 19:30:04.046	1478719804046	19:30:04.000	35.764965	-120.76996	217.76389
2016-11-09 19:30:05.084	1478719805084	19:30:05.000	35.764965	-120.76996	217.30794
2016-11-09 19:30:06.053	1478719806053	19:30:06.000	35.764965	-120.76996	216.96419
2016-11-09 19:30:07.055	1478719807055	19:30:07.000	35.764965	-120.76996	217.00946
2016-11-09 19:30:08.087	1478719808087	19:30:08.000	35.764965	-120.76995	216.70424
2016-11-09 19:30:09.082	1478719809082	19:30:09.000	35.764965	-120.76995	216.44246
2016-11-09 19:30:10.097	1478719810097	19:30:10.000	35.76497	-120.76995	216.25407
2016-11-09 19:30:11.074	1478719811074	19:30:11.000	35.76497	-120.76995	216.12668
2016-11-09 19:30:12.067	1478719812067	19:30:12.000	35.764965	-120.76995	216.08556
2016-11-09 19:30:13.086	1478719813086	19:30:13.000	35.764965	-120.76995	216.13385
2016-11-09 19:30:14.08	1478719814080	19:30:14.000	35.764965	-120.76995	216.21236
2016-11-09 19:30:15.265	1478719815265	19:30:15.000	35.764965	-120.76995	216.26962
2016-11-09 19:30:16.054	1478719816054	19:30:16.000	35.764965	-120.76995	216.3041
2016-11-09 19:30:17.049	1478719817049	19:30:17.000	35.764965	-120.76995	216.25804
2016-11-09 19:30:18.095	1478719818095	19:30:18.000	35.764965	-120.76995	216.25795
2016-11-09 19:30:19.089	1478719819089	19:30:19.000	35.764965	-120.76995	216.25784
2016-11-09 19:30:20.05	1478719820050	19:30:20.000	35.764965	-120.76995	216.25784
2016-11-09 19:30:21.076	1478719821076	19:30:21.000	35.764965	-120.76995	216.2579
2016-11-09 19:30:22.062	1478719822062	19:30:22.000	35.764965	-120.76995	216.25786
2016-11-09 19:30:23.092	1478719823092	19:30:23.000	35.764965	-120.76995	216.25778
2016-11-09 19:30:24.096	1478719824096	19:30:24.000	35.764965	-120.76995	216.25769
2016-11-09 19:30:25.076	1478719825076	19:30:25.000	35.764965	-120.76995	216.2577
2016-11-09 19:30:26.092	1478719826092	19:30:26.000	35.764965	-120.76995	216.25784
2016-11-09 19:30:27.084	1478719827084	19:30:27.000	35.764965	-120.76995	216.25829
2016-11-09 19:30:28.098	1478719828098	19:30:28.000	35.764965	-120.76995	216.25893
2016-11-09 19:30:29.101	1478719829101	19:30:29.000	35.764965	-120.76995	216.25989
2016-11-09 19:30:30.081	1478719830081	19:30:30.000	35.764965	-120.76995	216.26102
2016-11-09 19:30:31.123	1478719831123	19:30:31.000	35.764965	-120.76995	216.26247
2016-11-09 19:30:32.076	1478719832076	19:30:32.000	35.764965	-120.76995	216.2645
2016-11-09 19:30:33.073	1478719833073	19:30:33.000	35.764965	-120.76995	216.26707
2016-11-09 19:30:34.093	1478719834093	19:30:34.000	35.764965	-120.76995	216.26994
2016-11-09 19:30:35.115	1478719835115	19:30:35.000	35.764965	-120.76995	216.27289
2016-11-09 19:30:36.082	1478719836082	19:30:36.000	35.764965	-120.76995	216.27603
2016-11-09 19:30:37.091	1478719837091	19:30:37.000	35.764965	-120.76995	216.27902
2016-11-09 19:30:38.076	1478719838076	19:30:38.000	35.764965	-120.76995	216.2815
2016-11-09 19:30:39.058	1478719839058	19:30:39.000	35.764965	-120.76995	216.28334
2016-11-09 19:30:40.049	1478719840049	19:30:40.000	35.764965	-120.76995	216.28418
2016-11-09 19:30:41.049	1478719841049	19:30:41.000	35.764965	-120.76995	216.28487
2016-11-09 19:30:42.073	1478719842073	19:30:42.000	35.764965	-120.76995	216.28552
2016-11-09 19:30:43.092	1478719843092	19:30:43.000	35.764965	-120.76995	216.28662
2016-11-09 19:30:44.096	1478719844096	19:30:44.000	35.764965	-120.76995	216.28812
2016-11-09 19:30:45.072	1478719845072	19:30:45.000	35.764965	-120.76995	216.2921
2016-11-09 19:30:46.06	1478719846060	19:30:46.000	35.764996	-120.769966	216.29262
2016-11-09 19:30:47.056	1478719847056	19:30:47.000	35.76499	-120.769966	216.29735
2016-11-09 19:30:48.058	1478719848058	19:30:48.000	35.76499	-120.769966	216.31284
2016-11-09 19:30:49.035	1478719849035	19:30:49.000	35.76499	-120.76996	216.31818
2016-11-09 19:30:50.07	1478719850070	19:30:50.000	35.764988	-120.769966	216.31624
2016-11-09 19:30:51.062	1478719851062	19:30:51.000	35.764988	-120.769966	216.31267
2016-11-09 19:30:52.097	1478719852097	19:30:52.000	35.764988	-120.769966	216.30951
2016-11-09 19:30:53.078	1478719853078	19:30:53.000	35.764988	-120.769966	216.30634
2016-11-09 19:30:54.062	1478719854062	19:30:54.000	35.764988	-120.769966	216.30276
2016-11-09 19:30:55.075	1478719855075	19:30:55.000	35.764988	-120.769966	216.29922
2016-11-09 19:30:56.048	1478719856048	19:30:56.000	35.764988	-120.769966	216.29597
2016-11-09 19:30:57.062	1478719857062	19:30:57.000	35.764988	-120.769966	216.29286
2016-11-09 19:30:58.069	1478719858069	19:30:58.000	35.764988	-120.769966	216.25557
2016-11-09 19:30:59.044	1478719859044	19:30:59.000	35.764984	-120.769966	216.22896
2016-11-09 19:31:00.049	1478719860049	19:31:00.000	35.76498	-120.76998	216.19905
2016-11-09 19:31:01.091	1478719861091	19:31:01.000	35.764973	-120.76999	216.1857
2016-11-09 19:31:02.068	1478719862068	19:31:02.000	35.764965	-120.77	216.17622
2016-11-09 19:31:03.095	1478719863095	19:31:03.000	35.76496	-120.76999	216.17032
2016-11-09 19:31:04.079	1478719864079	19:31:04.000	35.764954	-120.76998	216.16393
2016-11-09 19:31:05.098	1478719865098	19:31:05.000	35.76495	-120.769966	216.16052
2016-11-09 19:31:06.097	1478719866097	19:31:06.000	35.764942	-120.76996	216.15593
2016-11-09 19:31:07.102	1478719867102	19:31:07.000	35.764942	-120.76994	216.13802
2016-11-09 19:31:08.08	1478719868080	19:31:08.000	35.76494	-120.76993	216.11874
2016-11-09 19:31:09.067	1478719869067	19:31:09.000	35.76493	-120.76992	216.0829
2016-11-09 19:31:10.082	1478719870082	19:31:10.000	35.764923	-120.769905	216.04599
2016-11-09 19:31:11.089	1478719871089	19:31:11.000	35.76491	-120.76989	216.01782
2016-11-09 19:31:12.084	1478719872084	19:31:12.000	35.7649	-120.769875	215.99817
2016-11-09 19:31:13.093	1478719873093	19:31:13.000	35.76489	-120.76986	215.98082
2016-11-09 19:31:14.065	1478719874065	19:31:14.000	35.764874	-120.76985	215.9587
2016-11-09 19:31:15.071	1478719875071	19:31:15.000	35.764862	-120.76984	215.93272
2016-11-09 19:31:16.078	1478719876078	19:31:16.000	35.76485	-120.76982	215.90703
2016-11-09 19:31:17.093	1478719877093	19:31:17.000	35.764847	-120.769806	215.87784
2016-11-09 19:31:18.099	1478719878099	19:31:18.000	35.764847	-120.76979	215.84364
2016-11-09 19:31:19.102	1478719879102	19:31:19.000	35.764843	-120.769775	215.81522
2016-11-09 19:31:20.082	1478719880082	19:31:20.000	35.764843	-120.76977	215.78235
2016-11-09 19:31:21.085	1478719881085	19:31:21.000	35.764843	-120.76976	215.74823
2016-11-09 19:31:22.095	1478719882095	19:31:22.000	35.764843	-120.769745	215.72694
2016-11-09 19:31:23.082	1478719883082	19:31:23.000	35.76484	-120.76973	215.71916
2016-11-09 19:31:24.101	1478719884101	19:31:24.000	35.764835	-120.769714	215.72435
2016-11-09 19:31:25.091	1478719885091	19:31:25.000	35.764828	-120.76969	215.74292
2016-11-09 19:31:26.077	1478719886077	19:31:26.000	35.764824	-120.76968	215.7684
2016-11-09 19:31:27.099	1478719887099	19:31:27.000	35.76482	-120.76967	215.79346
2016-11-09 19:31:28.079	1478719888079	19:31:28.000	35.764812	-120.76965	215.82555
2016-11-09 19:31:29.071	1478719889071	19:31:29.000	35.764805	-120.769646	215.86044
2016-11-09 19:31:30.068	1478719890068	19:31:30.000	35.7648	-120.76963	215.89182
2016-11-09 19:31:31.071	1478719891071	19:31:31.000	35.764797	-120.76963	215.92293
2016-11-09 19:31:32.067	1478719892067	19:31:32.000	35.7648	-120.76963	215.92587
2016-11-09 19:31:33.101	1478719893101	19:31:33.000	35.7648	-120.76963	215.9299
2016-11-09 19:31:34.081	1478719894081	19:31:34.000	35.7648	-120.76963	215.9336
2016-11-09 19:31:35.092	1478719895092	19:31:35.000	35.7648	-120.76963	215.9376
2016-11-09 19:31:36.087	1478719896087	19:31:36.000	35.7648	-120.76963	215.94202
2016-11-09 19:31:37.064	1478719897064	19:31:37.000	35.7648	-120.76963	215.94635
2016-11-09 19:31:38.082	1478719898082	19:31:38.000	35.7648	-120.76963	215.951
2016-11-09 19:31:39.072	1478719899072	19:31:39.000	35.7648	-120.76963	215.95573
2016-11-09 19:31:40.091	1478719900091	19:31:40.000	35.7648	-120.76963	215.96072
2016-11-09 19:31:41.078	1478719901078	19:31:41.000	35.7648	-120.76963	215.96584
2016-11-09 19:31:42.102	1478719902102	19:31:42.000	35.7648	-120.76963	215.971
2016-11-09 19:31:43.096	1478719903096	19:31:43.000	35.7648	-120.76963	215.97647
2016-11-09 19:31:44.087	1478719904087	19:31:44.000	35.7648	-120.76963	215.98206
2016-11-09 19:31:45.095	1478719905095	19:31:45.000	35.7648	-120.76963	215.98767
2016-11-09 19:31:46.071	1478719906071	19:31:46.000	35.7648	-120.76963	215.99364
2016-11-09 19:31:47.106	1478719907106	19:31:47.000	35.7648	-120.76963	215.99954
2016-11-09 19:31:48.102	1478719908102	19:31:48.000	35.7648	-120.76963	216.0051
2016-11-09 19:31:49.068	1478719909068	19:31:49.000	35.7648	-120.76963	216.01073
2016-11-09 19:31:50.097	1478719910097	19:31:50.000	35.7648	-120.76963	216.01634
2016-11-09 19:31:51.097	1478719911097	19:31:51.000	35.7648	-120.76963	216.0222
2016-11-09 19:31:52.069	1478719912069	19:31:52.000	35.7648	-120.76963	216.02803
2016-11-09 19:31:53.098	1478719913098	19:31:53.000	35.7648	-120.76963	216.03392
2016-11-09 19:31:54.07	1478719914070	19:31:54.000	35.7648	-120.76963	216.04015
2016-11-09 19:31:55.099	1478719915099	19:31:55.000	35.7648	-120.76963	216.04655
2016-11-09 19:31:56.08	1478719916080	19:31:56.000	35.7648	-120.76963	216.05305
2016-11-09 19:31:57.097	1478719917097	19:31:57.000	35.7648	-120.76963	216.05957
2016-11-09 19:31:58.064	1478719918064	19:31:58.000	35.7648	-120.76963	216.06606
2016-11-09 19:31:59.107	1478719919107	19:31:59.000	35.7648	-120.76963	216.0727
2016-11-09 19:32:00.142	1478719920142	19:32:00.000	35.7648	-120.76963	216.07928
2016-11-09 19:32:01.066	1478719921066	19:32:01.000	35.7648	-120.76963	216.08578
2016-11-09 19:32:02.092	1478719922092	19:32:02.000	35.7648	-120.76963	216.09225
2016-11-09 19:32:03.096	1478719923096	19:32:03.000	35.7648	-120.76963	216.0986
2016-11-09 19:32:04.051	1478719924051	19:32:04.000	35.7648	-120.76963	216.10484
2016-11-09 19:32:05.087	1478719925087	19:32:05.000	35.7648	-120.76963	216.11104
2016-11-09 19:32:06.078	1478719926078	19:32:06.000	35.7648	-120.76963	216.1171
2016-11-09 19:32:07.063	1478719927063	19:32:07.000	35.7648	-120.76963	216.12354
2016-11-09 19:32:08.056	1478719928056	19:32:08.000	35.7648	-120.76963	216.1299
2016-11-09 19:32:09.061	1478719929061	19:32:09.000	35.7648	-120.76963	216.13612
2016-11-09 19:32:10.057	1478719930057	19:32:10.000	35.764805	-120.76963	216.14233
2016-11-09 19:32:11.08	1478719931080	19:32:11.000	35.764805	-120.76963	216.14851
2016-11-09 19:32:12.071	1478719932071	19:32:12.000	35.764805	-120.76963	216.1548
2016-11-09 19:32:13.062	1478719933062	19:32:13.000	35.764805	-120.76963	216.16115
2016-11-09 19:32:14.088	1478719934088	19:32:14.000	35.764805	-120.76963	216.16753
2016-11-09 19:32:15.051	1478719935051	19:32:15.000	35.764805	-120.76963	216.17403
2016-11-09 19:32:16.036	1478719936036	19:32:16.000	35.764805	-120.76963	216.18077
2016-11-09 19:32:17.054	1478719937054	19:32:17.000	35.7648	-120.76963	216.18755
2016-11-09 19:32:18.061	1478719938061	19:32:18.000	35.7648	-120.76963	216.1944
2016-11-09 19:32:19.056	1478719939056	19:32:19.000	35.7648	-120.76963	216.2014
2016-11-09 19:32:20.059	1478719940059	19:32:20.000	35.7648	-120.76963	216.20844
2016-11-09 19:32:21.061	1478719941061	19:32:21.000	35.7648	-120.76963	216.21559
2016-11-09 19:32:22.056	1478719942056	19:32:22.000	35.7648	-120.76963	216.22285
2016-11-09 19:32:23.053	1478719943053	19:32:23.000	35.7648	-120.76963	216.23006
2016-11-09 19:32:24.056	1478719944056	19:32:24.000	35.7648	-120.76963	216.2371
2016-11-09 19:32:25.071	1478719945071	19:32:25.000	35.7648	-120.76964	216.3053
2016-11-09 19:32:26.087	1478719946087	19:32:26.000	35.7648	-120.76963	216.37157
2016-11-09 19:32:27.079	1478719947079	19:32:27.000	35.764805	-120.76961	216.4362
2016-11-09 19:32:28.095	1478719948095	19:32:28.000	35.764812	-120.76959	216.49754
2016-11-09 19:32:29.079	1478719949079	19:32:29.000	35.764816	-120.76957	216.55835
2016-11-09 19:32:30.102	1478719950102	19:32:30.000	35.764824	-120.769554	216.61722
2016-11-09 19:32:31.095	1478719951095	19:32:31.000	35.76483	-120.76954	216.67487
2016-11-09 19:32:32.073	1478719952073	19:32:32.000	35.76484	-120.76952	216.7303
2016-11-09 19:32:33.083	1478719953083	19:32:33.000	35.76485	-120.76951	216.78235
2016-11-09 19:32:34.085	1478719954085	19:32:34.000	35.764862	-120.76949	216.8312
2016-11-09 19:32:35.069	1478719955069	19:32:35.000	35.764874	-120.76948	216.87904
2016-11-09 19:32:36.079	1478719956079	19:32:36.000	35.764885	-120.76946	216.92328
2016-11-09 19:32:37.075	1478719957075	19:32:37.000	35.764893	-120.76945	216.96375
2016-11-09 19:32:38.092	1478719958092	19:32:38.000	35.764904	-120.76944	217.00282
2016-11-09 19:32:39.057	1478719959057	19:32:39.000	35.76492	-120.76943	217.03888
2016-11-09 19:32:40.094	1478719960094	19:32:40.000	35.76493	-120.769424	217.07562
2016-11-09 19:32:41.099	1478719961099	19:32:41.000	35.764946	-120.76941	217.11014
2016-11-09 19:32:42.076	1478719962076	19:32:42.000	35.76496	-120.7694	217.1436
2016-11-09 19:32:43.054	1478719963054	19:32:43.000	35.764977	-120.769394	217.17746
2016-11-09 19:32:44.088	1478719964088	19:32:44.000	35.76499	-120.769394	217.20459
2016-11-09 19:32:45.079	1478719965079	19:32:45.000	35.765007	-120.76939	217.2307
2016-11-09 19:32:46.054	1478719966054	19:32:46.000	35.765026	-120.76938	217.25775
2016-11-09 19:32:47.065	1478719967065	19:32:47.000	35.76504	-120.76937	217.2855
2016-11-09 19:32:48.069	1478719968069	19:32:48.000	35.76506	-120.76937	217.31418
2016-11-09 19:32:49.073	1478719969073	19:32:49.000	35.765076	-120.76936	217.34
2016-11-09 19:32:50.075	1478719970075	19:32:50.000	35.76509	-120.76936	217.36523
2016-11-09 19:32:51.074	1478719971074	19:32:51.000	35.765102	-120.769356	217.38934
2016-11-09 19:32:52.058	1478719972058	19:32:52.000	35.765118	-120.76935	217.41138
2016-11-09 19:32:53.064	1478719973064	19:32:53.000	35.765133	-120.76934	217.43306
2016-11-09 19:32:54.1	1478719974100	19:32:54.000	35.765152	-120.76933	217.45415
2016-11-09 19:32:55.082	1478719975082	19:32:55.000	35.765167	-120.769325	217.47069
2016-11-09 19:32:56.09	1478719976090	19:32:56.000	35.765186	-120.76932	217.48376
2016-11-09 19:32:57.06	1478719977060	19:32:57.000	35.7652	-120.76931	217.49828
2016-11-09 19:32:58.087	1478719978087	19:32:58.000	35.76522	-120.7693	217.51414
2016-11-09 19:32:59.079	1478719979079	19:32:59.000	35.765232	-120.769295	217.53302
2016-11-09 19:33:00.074	1478719980074	19:33:00.000	35.76524	-120.76927	217.55432
2016-11-09 19:33:01.077	1478719981077	19:33:01.000	35.765255	-120.76925	217.58035
2016-11-09 19:33:02.088	1478719982088	19:33:02.000	35.765266	-120.769226	217.60286
2016-11-09 19:33:03.08	1478719983080	19:33:03.000	35.76527	-120.76921	217.62788
2016-11-09 19:33:04.066	1478719984066	19:33:04.000	35.76527	-120.76919	217.65263
2016-11-09 19:33:05.081	1478719985081	19:33:05.000	35.76527	-120.769165	217.67253
2016-11-09 19:33:06.082	1478719986082	19:33:06.000	35.765266	-120.76915	217.6923
2016-11-09 19:33:07.102	1478719987102	19:33:07.000	35.765263	-120.769135	217.7109
2016-11-09 19:33:08.108	1478719988108	19:33:08.000	35.76526	-120.76912	217.73181
2016-11-09 19:33:09.08	1478719989080	19:33:09.000	35.76525	-120.769104	217.75409
2016-11-09 19:33:10.07	1478719990070	19:33:10.000	35.76524	-120.76909	217.77727
2016-11-09 19:33:11.094	1478719991094	19:33:11.000	35.765232	-120.76907	217.80205
2016-11-09 19:33:12.087	1478719992087	19:33:12.000	35.76523	-120.76907	217.82332
2016-11-09 19:33:13.073	1478719993073	19:33:13.000	35.76522	-120.76906	217.84593
2016-11-09 19:33:14.078	1478719994078	19:33:14.000	35.76521	-120.76904	217.86879
2016-11-09 19:33:15.075	1478719995075	19:33:15.000	35.765198	-120.769035	217.89238
2016-11-09 19:33:16.088	1478719996088	19:33:16.000	35.765182	-120.76902	217.91568
2016-11-09 19:33:17.092	1478719997092	19:33:17.000	35.765167	-120.769005	217.94011
2016-11-09 19:33:18.077	1478719998077	19:33:18.000	35.765152	-120.769	217.9631
2016-11-09 19:33:19.091	1478719999091	19:33:19.000	35.76514	-120.769	217.98232
2016-11-09 19:33:20.085	1478720000085	19:33:20.000	35.765125	-120.76899	218.0004
2016-11-09 19:33:21.096	1478720001096	19:33:21.000	35.76511	-120.76899	218.01823
2016-11-09 19:33:22.088	1478720002088	19:33:22.000	35.7651	-120.76899	218.03432
2016-11-09 19:33:23.099	1478720003099	19:33:23.000	35.76508	-120.76898	218.04881
2016-11-09 19:33:24.101	1478720004101	19:33:24.000	35.76506	-120.76898	218.06827
2016-11-09 19:33:25.107	1478720005107	19:33:25.000	35.765045	-120.76899	218.09067
2016-11-09 19:33:26.066	1478720006066	19:33:26.000	35.765026	-120.76899	218.11157
2016-11-09 19:33:27.098	1478720007098	19:33:27.000	35.765007	-120.76899	218.12721
2016-11-09 19:33:28.09	1478720008090	19:33:28.000	35.764984	-120.76899	218.1423
2016-11-09 19:33:29.092	1478720009092	19:33:29.000	35.76497	-120.76899	218.15793
2016-11-09 19:33:30.099	1478720010099	19:33:30.000	35.764954	-120.769	218.17351
2016-11-09 19:33:31.072	1478720011072	19:33:31.000	35.76494	-120.769	218.1885
2016-11-09 19:33:32.097	1478720012097	19:33:32.000	35.76492	-120.769	218.20584
2016-11-09 19:33:33.096	1478720013096	19:33:33.000	35.7649	-120.769005	218.22383
2016-11-09 19:33:34.092	1478720014092	19:33:34.000	35.764885	-120.769005	218.24167
2016-11-09 19:33:35.081	1478720015081	19:33:35.000	35.76487	-120.769	218.25835
2016-11-09 19:33:36.064	1478720016064	19:33:36.000	35.76486	-120.769	218.27359
2016-11-09 19:33:37.099	1478720017099	19:33:37.000	35.76485	-120.769	218.28745
2016-11-09 19:33:38.088	1478720018088	19:33:38.000	35.764843	-120.769	218.29935
2016-11-09 19:33:39.11	1478720019110	19:33:39.000	35.76483	-120.76899	218.30977
2016-11-09 19:33:40.106	1478720020106	19:33:40.000	35.76482	-120.768974	218.32253
2016-11-09 19:33:41.105	1478720021105	19:33:41.000	35.76481	-120.76897	218.33807
2016-11-09 19:33:42.093	1478720022093	19:33:42.000	35.764793	-120.76896	218.35403
2016-11-09 19:33:43.081	1478720023081	19:33:43.000	35.764782	-120.76894	218.36835
2016-11-09 19:33:44.08	1478720024080	19:33:44.000	35.76477	-120.76892	218.38158
2016-11-09 19:33:45.069	1478720025069	19:33:45.000	35.76476	-120.76891	218.39445
2016-11-09 19:33:46.079	1478720026079	19:33:46.000	35.764744	-120.76889	218.40648
2016-11-09 19:33:47.1	1478720027100	19:33:47.000	35.764732	-120.768875	218.41551
2016-11-09 19:33:48.101	1478720028101	19:33:48.000	35.76472	-120.768845	218.42673
2016-11-09 19:33:49.101	1478720029101	19:33:49.000	35.76471	-120.768814	218.4354
2016-11-09 19:33:50.095	1478720030095	19:33:50.000	35.764706	-120.7688	218.44012
2016-11-09 19:33:51.104	1478720031104	19:33:51.000	35.764698	-120.768776	218.44269
2016-11-09 19:33:52.085	1478720032085	19:33:52.000	35.764694	-120.76876	218.44011
2016-11-09 19:33:53.07	1478720033070	19:33:53.000	35.76469	-120.768745	218.43515
2016-11-09 19:33:54.113	1478720034113	19:33:54.000	35.764683	-120.76873	218.42107
2016-11-09 19:33:55.107	1478720035107	19:33:55.000	35.764675	-120.76871	218.40332
2016-11-09 19:33:56.094	1478720036094	19:33:56.000	35.764675	-120.7687	218.38405
2016-11-09 19:33:57.069	1478720037069	19:33:57.000	35.76467	-120.768684	218.36163
2016-11-09 19:33:58.069	1478720038069	19:33:58.000	35.764664	-120.76867	218.33951
2016-11-09 19:33:59.074	1478720039074	19:33:59.000	35.764656	-120.768654	218.3163
2016-11-09 19:34:00.067	1478720040067	19:34:00.000	35.764652	-120.76864	218.2888
2016-11-09 19:34:01.094	1478720041094	19:34:01.000	35.764645	-120.768616	218.25964
2016-11-09 19:34:02.078	1478720042078	19:34:02.000	35.764637	-120.7686	218.23285
2016-11-09 19:34:03.089	1478720043089	19:34:03.000	35.764633	-120.76858	218.20345
2016-11-09 19:34:04.094	1478720044094	19:34:04.000	35.76463	-120.76856	218.17198
2016-11-09 19:34:05.09	1478720045090	19:34:05.000	35.76462	-120.768555	218.15105
2016-11-09 19:34:06.085	1478720046085	19:34:06.000	35.76461	-120.76853	218.12859
2016-11-09 19:34:07.11	1478720047110	19:34:07.000	35.764603	-120.76852	218.10263
2016-11-09 19:34:08.082	1478720048082	19:34:08.000	35.76459	-120.7685	218.07541
2016-11-09 19:34:09.083	1478720049083	19:34:09.000	35.76458	-120.76849	218.0486
2016-11-09 19:34:10.085	1478720050085	19:34:10.000	35.76457	-120.768486	218.02588
2016-11-09 19:34:11.077	1478720051077	19:34:11.000	35.764553	-120.768486	218.00436
2016-11-09 19:34:12.084	1478720052084	19:34:12.000	35.76454	-120.768486	217.98055
2016-11-09 19:34:13.095	1478720053095	19:34:13.000	35.76453	-120.76849	217.95053
2016-11-09 19:34:14.075	1478720054075	19:34:14.000	35.76452	-120.7685	217.9093
2016-11-09 19:34:15.087	1478720055087	19:34:15.000	35.764507	-120.76851	217.87038
2016-11-09 19:34:16.093	1478720056093	19:34:16.000	35.764492	-120.768524	217.83263
2016-11-09 19:34:17.075	1478720057075	19:34:17.000	35.76448	-120.76853	217.79434
2016-11-09 19:34:18.074	1478720058074	19:34:18.000	35.764473	-120.76855	217.75656
2016-11-09 19:34:19.086	1478720059086	19:34:19.000	35.76446	-120.768555	217.71721
2016-11-09 19:34:20.08	1478720060080	19:34:20.000	35.764454	-120.76857	217.67854
2016-11-09 19:34:21.076	1478720061076	19:34:21.000	35.764446	-120.768585	217.6402
2016-11-09 19:34:22.079	1478720062079	19:34:22.000	35.764442	-120.76861	217.6035
2016-11-09 19:34:23.064	1478720063064	19:34:23.000	35.76444	-120.76863	217.56721
2016-11-09 19:34:24.067	1478720064067	19:34:24.000	35.764435	-120.76865	217.53177
2016-11-09 19:34:25.072	1478720065072	19:34:25.000	35.76444	-120.76867	217.4923
2016-11-09 19:34:26.067	1478720066067	19:34:26.000	35.76444	-120.768684	217.45294
2016-11-09 19:34:27.063	1478720067063	19:34:27.000	35.764446	-120.7687	217.41411
2016-11-09 19:34:28.074	1478720068074	19:34:28.000	35.764454	-120.76872	217.37851
2016-11-09 19:34:29.1	1478720069100	19:34:29.000	35.764454	-120.768745	217.34006
2016-11-09 19:34:30.081	1478720070081	19:34:30.000	35.764458	-120.76876	217.30128
2016-11-09 19:34:31.096	1478720071096	19:34:31.000	35.76446	-120.768776	217.26382
2016-11-09 19:34:32.108	1478720072108	19:34:32.000	35.76447	-120.76879	217.22426
2016-11-09 19:34:33.109	1478720073109	19:34:33.000	35.764477	-120.76881	217.18324
2016-11-09 19:34:34.079	1478720074079	19:34:34.000	35.764477	-120.768814	217.1434
2016-11-09 19:34:35.098	1478720075098	19:34:35.000	35.76448	-120.76883	217.10246
2016-11-09 19:34:36.079	1478720076079	19:34:36.000	35.76449	-120.768845	217.06052
2016-11-09 19:34:37.07	1478720077070	19:34:37.000	35.764492	-120.76887	217.01688
2016-11-09 19:34:38.08	1478720078080	19:34:38.000	35.764496	-120.76887	216.97054
2016-11-09 19:34:39.067	1478720079067	19:34:39.000	35.764503	-120.76888	216.92628
2016-11-09 19:34:40.077	1478720080077	19:34:40.000	35.764507	-120.7689	216.88025
2016-11-09 19:34:41.075	1478720081075	19:34:41.000	35.764515	-120.768906	216.835
2016-11-09 19:34:42.082	1478720082082	19:34:42.000	35.76453	-120.76892	216.78604
2016-11-09 19:34:43.073	1478720083073	19:34:43.000	35.764534	-120.76893	216.73691
2016-11-09 19:34:44.102	1478720084102	19:34:44.000	35.76454	-120.76893	216.68855
2016-11-09 19:34:45.099	1478720085099	19:34:45.000	35.764545	-120.76893	216.63914
2016-11-09 19:34:46.094	1478720086094	19:34:46.000	35.76456	-120.768936	216.5879
2016-11-09 19:34:47.089	1478720087089	19:34:47.000	35.764572	-120.76894	216.53552
2016-11-09 19:34:48.077	1478720088077	19:34:48.000	35.764584	-120.76895	216.47964
2016-11-09 19:34:49.07	1478720089070	19:34:49.000	35.76459	-120.76896	216.42422
2016-11-09 19:34:50.082	1478720090082	19:34:50.000	35.7646	-120.76897	216.36935
2016-11-09 19:34:51.077	1478720091077	19:34:51.000	35.76461	-120.768974	216.31433
2016-11-09 19:34:52.075	1478720092075	19:34:52.000	35.76462	-120.768974	216.2584
2016-11-09 19:34:53.085	1478720093085	19:34:53.000	35.764633	-120.76898	216.20042
2016-11-09 19:34:54.106	1478720094106	19:34:54.000	35.764652	-120.768974	216.14261
2016-11-09 19:34:55.068	1478720095068	19:34:55.000	35.764668	-120.76897	216.08556
2016-11-09 19:34:56.081	1478720096081	19:34:56.000	35.764675	-120.76897	216.08003
2016-11-09 19:34:57.053	1478720097053	19:34:57.000	35.764675	-120.76897	216.0256
2016-11-09 19:34:58.107	1478720098107	19:34:58.000	35.76468	-120.76896	216.02037
2016-11-09 19:34:59.077	1478720099077	19:34:59.000	35.764683	-120.76897	215.96811
2016-11-09 19:35:00.081	1478720100081	19:35:00.000	35.764675	-120.76897	215.91338
2016-11-09 19:35:01.072	1478720101072	19:35:01.000	35.764675	-120.76895	215.86049
2016-11-09 19:35:02.077	1478720102077	19:35:02.000	35.76467	-120.768936	215.80894
2016-11-09 19:35:03.086	1478720103086	19:35:03.000	35.76467	-120.76893	215.75465
2016-11-09 19:35:04.1	1478720104100	19:35:04.000	35.764675	-120.76892	215.6966
2016-11-09 19:35:05.081	1478720105081	19:35:05.000	35.764683	-120.76892	215.63698
2016-11-09 19:35:06.096	1478720106096	19:35:06.000	35.764683	-120.76892	215.58632
2016-11-09 19:35:07.072	1478720107072	19:35:07.000	35.764694	-120.76892	215.53674
2016-11-09 19:35:08.076	1478720108076	19:35:08.000	35.7647	-120.76891	215.49147
2016-11-09 19:35:09.076	1478720109076	19:35:09.000	35.764713	-120.76892	215.44644
2016-11-09 19:35:10.056	1478720110056	19:35:10.000	35.76473	-120.76892	215.41046
2016-11-09 19:35:11.077	1478720111077	19:35:11.000	35.76474	-120.76893	215.37422
2016-11-09 19:35:12.066	1478720112066	19:35:12.000	35.76475	-120.768936	215.337
2016-11-09 19:35:13.095	1478720113095	19:35:13.000	35.764763	-120.76895	215.29945
2016-11-09 19:35:14.108	1478720114108	19:35:14.000	35.764782	-120.76897	215.26468
2016-11-09 19:35:15.08	1478720115080	19:35:15.000	35.764793	-120.76898	215.22885
2016-11-09 19:35:16.086	1478720116086	19:35:16.000	35.764805	-120.769	215.19403
2016-11-09 19:35:17.062	1478720117062	19:35:17.000	35.764816	-120.769005	215.16147
2016-11-09 19:35:18.079	1478720118079	19:35:18.000	35.764828	-120.76902	215.13268
2016-11-09 19:35:19.07	1478720119070	19:35:19.000	35.764828	-120.76903	215.105
2016-11-09 19:35:20.05	1478720120050	19:35:20.000	35.76483	-120.769035	215.07954
2016-11-09 19:35:21.071	1478720121071	19:35:21.000	35.764843	-120.76904	215.05469
2016-11-09 19:35:22.1	1478720122100	19:35:22.000	35.76485	-120.76905	215.03209
2016-11-09 19:35:23.096	1478720123096	19:35:23.000	35.76486	-120.76907	215.01088
2016-11-09 19:35:24.085	1478720124085	19:35:24.000	35.764866	-120.76908	214.99013
2016-11-09 19:35:25.084	1478720125084	19:35:25.000	35.764874	-120.7691	214.96866
2016-11-09 19:35:26.086	1478720126086	19:35:26.000	35.764877	-120.769104	214.94716
2016-11-09 19:35:27.072	1478720127072	19:35:27.000	35.76488	-120.76912	214.92712
2016-11-09 19:35:28.066	1478720128066	19:35:28.000	35.76489	-120.769135	214.90901
2016-11-09 19:35:29.076	1478720129076	19:35:29.000	35.764893	-120.76916	214.89801
2016-11-09 19:35:30.1	1478720130100	19:35:30.000	35.764896	-120.769165	214.89027
2016-11-09 19:35:31.114	1478720131114	19:35:31.000	35.7649	-120.76918	214.88658
2016-11-09 19:35:32.086	1478720132086	19:35:32.000	35.764904	-120.76919	214.88498
2016-11-09 19:35:33.072	1478720133072	19:35:33.000	35.764908	-120.769196	214.88443
2016-11-09 19:35:34.084	1478720134084	19:35:34.000	35.764908	-120.7692	214.88765
2016-11-09 19:35:35.074	1478720135074	19:35:35.000	35.76491	-120.76922	214.89348
2016-11-09 19:35:36.073	1478720136073	19:35:36.000	35.76491	-120.769226	214.89922
2016-11-09 19:35:37.09	1478720137090	19:35:37.000	35.764908	-120.76924	214.90396
2016-11-09 19:35:38.081	1478720138081	19:35:38.000	35.764908	-120.76926	214.90944
2016-11-09 19:35:39.085	1478720139085	19:35:39.000	35.764904	-120.76927	214.91612
2016-11-09 19:35:40.082	1478720140082	19:35:40.000	35.764904	-120.769295	214.92249
2016-11-09 19:35:41.076	1478720141076	19:35:41.000	35.764904	-120.7693	214.92738
2016-11-09 19:35:42.096	1478720142096	19:35:42.000	35.7649	-120.76932	214.93178
2016-11-09 19:35:43.092	1478720143092	19:35:43.000	35.7649	-120.76933	214.93686
2016-11-09 19:35:44.066	1478720144066	19:35:44.000	35.764896	-120.76935	214.93825
2016-11-09 19:35:45.077	1478720145077	19:35:45.000	35.764896	-120.76936	214.9407
2016-11-09 19:35:46.082	1478720146082	19:35:46.000	35.764896	-120.76938	214.94165
2016-11-09 19:35:47.079	1478720147079	19:35:47.000	35.764896	-120.769394	214.94073
2016-11-09 19:35:48.085	1478720148085	19:35:48.000	35.764896	-120.76941	214.93808
2016-11-09 19:35:49.079	1478720149079	19:35:49.000	35.764893	-120.769424	214.9352
2016-11-09 19:35:50.089	1478720150089	19:35:50.000	35.764893	-120.76944	214.9295
2016-11-09 19:35:51.078	1478720151078	19:35:51.000	35.764893	-120.769455	214.92323
2016-11-09 19:35:52.071	1478720152071	19:35:52.000	35.764896	-120.76946	214.91295
2016-11-09 19:35:53.075	1478720153075	19:35:53.000	35.764896	-120.76948	214.89839
2016-11-09 19:35:54.075	1478720154075	19:35:54.000	35.764896	-120.769485	214.88364
2016-11-09 19:35:55.071	1478720155071	19:35:55.000	35.764896	-120.7695	214.86412
2016-11-09 19:35:56.074	1478720156074	19:35:56.000	35.7649	-120.76951	214.84126
2016-11-09 19:35:57.055	1478720157055	19:35:57.000	35.764908	-120.76952	214.80878
2016-11-09 19:35:58.072	1478720158072	19:35:58.000	35.764908	-120.76952	214.7767
2016-11-09 19:35:59.082	1478720159082	19:35:59.000	35.764915	-120.76954	214.74689
2016-11-09 19:36:00.083	1478720160083	19:36:00.000	35.76492	-120.769554	214.71631
2016-11-09 19:36:01.083	1478720161083	19:36:01.000	35.764923	-120.76957	214.69801
2016-11-09 19:36:02.091	1478720162091	19:36:02.000	35.764923	-120.76959	214.68175
2016-11-09 19:36:03.092	1478720163092	19:36:03.000	35.764923	-120.7696	214.66772
2016-11-09 19:36:04.078	1478720164078	19:36:04.000	35.764923	-120.76961	214.65572
2016-11-09 19:36:05.099	1478720165099	19:36:05.000	35.764927	-120.769615	214.64523
2016-11-09 19:36:06.077	1478720166077	19:36:06.000	35.764927	-120.76963	214.63377
2016-11-09 19:36:07.08	1478720167080	19:36:07.000	35.764927	-120.769646	214.62263
2016-11-09 19:36:08.095	1478720168095	19:36:08.000	35.764927	-120.76966	214.61046
2016-11-09 19:36:09.09	1478720169090	19:36:09.000	35.764927	-120.76968	214.59857
2016-11-09 19:36:10.071	1478720170071	19:36:10.000	35.76493	-120.76969	214.58469
2016-11-09 19:36:11.096	1478720171096	19:36:11.000	35.76493	-120.769714	214.57082
2016-11-09 19:36:12.086	1478720172086	19:36:12.000	35.764935	-120.76973	214.5566
2016-11-09 19:36:13.084	1478720173084	19:36:13.000	35.764935	-120.769745	214.54202
2016-11-09 19:36:14.094	1478720174094	19:36:14.000	35.76494	-120.76975	214.52911
2016-11-09 19:36:15.08	1478720175080	19:36:15.000	35.764942	-120.76977	214.51654
2016-11-09 19:36:16.1	1478720176100	19:36:16.000	35.764942	-120.769775	214.5041
2016-11-09 19:36:17.057	1478720177057	19:36:17.000	35.764942	-120.76979	214.49374
2016-11-09 19:36:18.058	1478720178058	19:36:18.000	35.76494	-120.769806	214.48448
2016-11-09 19:36:19.074	1478720179074	19:36:19.000	35.76494	-120.76982	214.47665
2016-11-09 19:36:20.08	1478720180080	19:36:20.000	35.76494	-120.76984	214.46962
2016-11-09 19:36:21.103	1478720181103	19:36:21.000	35.76494	-120.769844	214.46422
2016-11-09 19:36:22.056	1478720182056	19:36:22.000	35.764942	-120.76986	214.4605
2016-11-09 19:36:23.101	1478720183101	19:36:23.000	35.764946	-120.769875	214.44998
2016-11-09 19:36:24.081	1478720184081	19:36:24.000	35.76495	-120.76988	214.44067
2016-11-09 19:36:25.084	1478720185084	19:36:25.000	35.764954	-120.76989	214.43213
2016-11-09 19:36:26.075	1478720186075	19:36:26.000	35.76496	-120.7699	214.42348
2016-11-09 19:36:27.082	1478720187082	19:36:27.000	35.76496	-120.769905	214.41815
2016-11-09 19:36:28.096	1478720188096	19:36:28.000	35.76496	-120.76991	214.41902
2016-11-09 19:36:29.086	1478720189086	19:36:29.000	35.764965	-120.76991	214.42268
2016-11-09 19:36:30.084	1478720190084	19:36:30.000	35.764965	-120.76992	214.4262
2016-11-09 19:36:31.081	1478720191081	19:36:31.000	35.76497	-120.76992	214.42947
2016-11-09 19:36:32.077	1478720192077	19:36:32.000	35.764973	-120.76993	214.43327
2016-11-09 19:36:33.073	1478720193073	19:36:33.000	35.764973	-120.769936	214.43585
2016-11-09 19:36:34.084	1478720194084	19:36:34.000	35.76497	-120.76994	214.43039
2016-11-09 19:36:35.107	1478720195107	19:36:35.000	35.76496	-120.76994	214.42224
2016-11-09 19:36:36.095	1478720196095	19:36:36.000	35.764957	-120.76994	214.42111
2016-11-09 19:36:37.073	1478720197073	19:36:37.000	35.764957	-120.76995	214.40631
2016-11-09 19:36:38.058	1478720198058	19:36:38.000	35.764957	-120.76995	214.40552
2016-11-09 19:36:39.073	1478720199073	19:36:39.000	35.764957	-120.76995	214.40477
2016-11-09 19:36:40.086	1478720200086	19:36:40.000	35.76495	-120.76995	214.39626
2016-11-09 19:36:41.049	1478720201049	19:36:41.000	35.764942	-120.76995	214.3881
2016-11-09 19:36:42.052	1478720202052	19:36:42.000	35.764935	-120.76995	214.38264
2016-11-09 19:36:43.052	1478720203052	19:36:43.000	35.764935	-120.76995	214.37717
2016-11-09 19:36:44.074	1478720204074	19:36:44.000	35.764935	-120.76995	214.37653
2016-11-09 19:36:45.086	1478720205086	19:36:45.000	35.764935	-120.76995	214.3763
2016-11-09 19:36:46.067	1478720206067	19:36:46.000	35.764935	-120.76995	214.3767
2016-11-09 19:36:47.054	1478720207054	19:36:47.000	35.764935	-120.76995	214.37753
2016-11-09 19:36:48.07	1478720208070	19:36:48.000	35.764935	-120.76994	214.379
2016-11-09 19:36:49.082	1478720209082	19:36:49.000	35.764935	-120.76994	214.38083
2016-11-09 19:36:50.07	1478720210070	19:36:50.000	35.764935	-120.76994	214.38364
2016-11-09 19:36:51.061	1478720211061	19:36:51.000	35.764935	-120.76995	214.38643
2016-11-09 19:36:52.096	1478720212096	19:36:52.000	35.764935	-120.76995	214.3895
2016-11-09 19:36:53.094	1478720213094	19:36:53.000	35.764935	-120.76995	214.39304
2016-11-09 19:36:54.09	1478720214090	19:36:54.000	35.764935	-120.76995	214.39697
2016-11-09 19:36:55.076	1478720215076	19:36:55.000	35.76494	-120.76995	214.44154
2016-11-09 19:36:56.099	1478720216099	19:36:56.000	35.764935	-120.76995	214.44595
2016-11-09 19:36:57.077	1478720217077	19:36:57.000	35.764935	-120.76995	214.4502
2016-11-09 19:36:58.074	1478720218074	19:36:58.000	35.764935	-120.76995	214.45418
2016-11-09 19:36:59.069	1478720219069	19:36:59.000	35.764935	-120.76995	214.458
2016-11-09 19:37:00.09	1478720220090	19:37:00.000	35.76494	-120.76995	214.46146
2016-11-09 19:37:01.088	1478720221088	19:37:01.000	35.76494	-120.76995	214.46432
2016-11-09 19:37:02.073	1478720222073	19:37:02.000	35.76494	-120.76995	214.46672
2016-11-09 19:37:03.08	1478720223080	19:37:03.000	35.76494	-120.76995	214.46881
2016-11-09 19:37:04.088	1478720224088	19:37:04.000	35.76494	-120.76995	214.47076
2016-11-09 19:37:05.097	1478720225097	19:37:05.000	35.76494	-120.76995	214.47241
2016-11-09 19:37:06.075	1478720226075	19:37:06.000	35.76494	-120.76995	214.47438
2016-11-09 19:37:07.076	1478720227076	19:37:07.000	35.76494	-120.76995	214.4765
2016-11-09 19:37:08.069	1478720228069	19:37:08.000	35.76494	-120.76995	214.4788
2016-11-09 19:37:09.07	1478720229070	19:37:09.000	35.76494	-120.76995	214.48108
2016-11-09 19:37:10.076	1478720230076	19:37:10.000	35.764942	-120.76995	214.48337
2016-11-09 19:37:11.102	1478720231102	19:37:11.000	35.764942	-120.76995	214.48564
2016-11-09 19:37:12.061	1478720232061	19:37:12.000	35.764942	-120.76995	214.48811
2016-11-09 19:37:13.079	1478720233079	19:37:13.000	35.764942	-120.76995	214.49078
2016-11-09 19:37:14.067	1478720234067	19:37:14.000	35.764942	-120.76995	214.49385
2016-11-09 19:37:15.072	1478720235072	19:37:15.000	35.764942	-120.76995	214.49718
2016-11-09 19:37:16.079	1478720236079	19:37:16.000	35.764946	-120.76995	214.50063
2016-11-09 19:37:17.058	1478720237058	19:37:17.000	35.764946	-120.76995	214.5037
2016-11-09 19:37:18.074	1478720238074	19:37:18.000	35.764946	-120.76995	214.50647
2016-11-09 19:37:19.05	1478720239050	19:37:19.000	35.764946	-120.76995	214.5088
2016-11-09 19:37:20.072	1478720240072	19:37:20.000	35.764946	-120.76995	214.51056
2016-11-09 19:37:21.074	1478720241074	19:37:21.000	35.764946	-120.76996	214.51195
2016-11-09 19:37:22.054	1478720242054	19:37:22.000	35.764946	-120.76996	214.51305
2016-11-09 19:37:23.075	1478720243075	19:37:23.000	35.76495	-120.76996	214.5138
2016-11-09 19:37:24.075	1478720244075	19:37:24.000	35.76495	-120.76996	214.51436
2016-11-09 19:37:25.058	1478720245058	19:37:25.000	35.76495	-120.76996	214.51476
2016-11-09 19:37:26.074	1478720246074	19:37:26.000	35.76495	-120.76996	214.51501
2016-11-09 19:37:27.069	1478720247069	19:37:27.000	35.76495	-120.76996	214.515
2016-11-09 19:37:28.065	1478720248065	19:37:28.000	35.76495	-120.76996	214.51488
2016-11-09 19:37:29.052	1478720249052	19:37:29.000	35.76495	-120.76996	214.51474
2016-11-09 19:37:30.058	1478720250058	19:37:30.000	35.76495	-120.76996	214.51442
2016-11-09 19:37:31.05	1478720251050	19:37:31.000	35.76495	-120.76996	214.51424
2016-11-09 19:37:32.055	1478720252055	19:37:32.000	35.76495	-120.76996	214.5142
2016-11-09 19:37:33.075	1478720253075	19:37:33.000	35.76495	-120.76996	214.51422
2016-11-09 19:37:34.071	1478720254071	19:37:34.000	35.76495	-120.76996	214.5144
2016-11-09 19:37:35.05	1478720255050	19:37:35.000	35.764954	-120.76996	214.51479
2016-11-09 19:37:36.056	1478720256056	19:37:36.000	35.764954	-120.76996	214.51573
2016-11-09 19:37:37.069	1478720257069	19:37:37.000	35.764954	-120.76996	214.51707
2016-11-09 19:37:38.093	1478720258093	19:37:38.000	35.764954	-120.769966	214.51881
2016-11-09 19:37:39.051	1478720259051	19:37:39.000	35.764954	-120.769966	214.52072
2016-11-09 19:37:40.063	1478720260063	19:37:40.000	35.764957	-120.769966	214.52257
2016-11-09 19:37:41.076	1478720261076	19:37:41.000	35.764957	-120.769966	214.52414
2016-11-09 19:37:42.068	1478720262068	19:37:42.000	35.764957	-120.769966	214.52573
2016-11-09 19:37:43.068	1478720263068	19:37:43.000	35.764957	-120.769966	214.5273
2016-11-09 19:37:44.067	1478720264067	19:37:44.000	35.764957	-120.769966	214.52875
2016-11-09 19:37:45.056	1478720265056	19:37:45.000	35.764957	-120.769966	214.53009
2016-11-09 19:37:46.073	1478720266073	19:37:46.000	35.764957	-120.769966	214.53127
2016-11-09 19:37:47.065	1478720267065	19:37:47.000	35.764957	-120.769966	214.53235
2016-11-09 19:37:48.081	1478720268081	19:37:48.000	35.764957	-120.769966	214.53752
2016-11-09 19:37:49.064	1478720269064	19:37:49.000	35.764957	-120.769966	214.53793
2016-11-09 19:37:50.08	1478720270080	19:37:50.000	35.764957	-120.769966	214.53838
2016-11-09 19:37:51.076	1478720271076	19:37:51.000	35.764957	-120.769966	214.53915
2016-11-09 19:37:52.076	1478720272076	19:37:52.000	35.764957	-120.769966	214.5399
2016-11-09 19:37:53.062	1478720273062	19:37:53.000	35.764957	-120.769966	214.54065
2016-11-09 19:37:54.073	1478720274073	19:37:54.000	35.764957	-120.769966	214.54149
2016-11-09 19:37:55.056	1478720275056	19:37:55.000	35.764957	-120.769966	214.54251
2016-11-09 19:37:56.053	1478720276053	19:37:56.000	35.764957	-120.769966	214.54352
2016-11-09 19:37:57.08	1478720277080	19:37:57.000	35.764957	-120.769966	214.54454
2016-11-09 19:37:58.058	1478720278058	19:37:58.000	35.764957	-120.769966	214.54578
2016-11-09 19:37:59.067	1478720279067	19:37:59.000	35.764957	-120.769966	214.54713
2016-11-09 19:38:00.086	1478720280086	19:38:00.000	35.764957	-120.769966	214.5486
2016-11-09 19:38:01.059	1478720281059	19:38:01.000	35.76496	-120.769966	214.55019
2016-11-09 19:38:02.052	1478720282052	19:38:02.000	35.76496	-120.769966	214.55212
2016-11-09 19:38:03.081	1478720283081	19:38:03.000	35.76496	-120.769966	214.55423
2016-11-09 19:38:04.065	1478720284065	19:38:04.000	35.764957	-120.769966	214.55626
2016-11-09 19:38:05.063	1478720285063	19:38:05.000	35.764957	-120.769966	214.55821
2016-11-09 19:38:06.057	1478720286057	19:38:06.000	35.764957	-120.769966	214.56004
2016-11-09 19:38:07.064	1478720287064	19:38:07.000	35.764957	-120.769966	214.56198
2016-11-09 19:38:08.067	1478720288067	19:38:08.000	35.764957	-120.769966	214.56384
2016-11-09 19:38:09.064	1478720289064	19:38:09.000	35.764957	-120.769966	214.56564
2016-11-09 19:38:10.052	1478720290052	19:38:10.000	35.764957	-120.769966	214.56769
2016-11-09 19:38:11.06	1478720291060	19:38:11.000	35.764957	-120.769966	214.57004
2016-11-09 19:38:12.082	1478720292082	19:38:12.000	35.764957	-120.769966	214.57256
2016-11-09 19:38:13.046	1478720293046	19:38:13.000	35.764957	-120.769966	214.57509
2016-11-09 19:38:14.079	1478720294079	19:38:14.000	35.764957	-120.769966	214.57765
2016-11-09 19:38:15.072	1478720295072	19:38:15.000	35.764957	-120.769966	214.58035
2016-11-09 19:38:16.074	1478720296074	19:38:16.000	35.764957	-120.769966	214.58324
2016-11-09 19:38:17.077	1478720297077	19:38:17.000	35.764957	-120.769966	214.5863
2016-11-09 19:38:18.064	1478720298064	19:38:18.000	35.764957	-120.769966	214.58945
2016-11-09 19:38:19.053	1478720299053	19:38:19.000	35.764957	-120.769966	214.59288
2016-11-09 19:38:20.063	1478720300063	19:38:20.000	35.764957	-120.769966	214.59671
2016-11-09 19:38:21.058	1478720301058	19:38:21.000	35.764957	-120.769966	214.60065
2016-11-09 19:38:22.071	1478720302071	19:38:22.000	35.764957	-120.769966	214.60472
2016-11-09 19:38:23.052	1478720303052	19:38:23.000	35.764957	-120.769966	214.60889
2016-11-09 19:38:24.083	1478720304083	19:38:24.000	35.764957	-120.769966	214.61311
2016-11-09 19:38:25.06	1478720305060	19:38:25.000	35.764957	-120.769966	214.61742
2016-11-09 19:38:26.062	1478720306062	19:38:26.000	35.764957	-120.769966	214.62184
2016-11-09 19:38:27.076	1478720307076	19:38:27.000	35.76496	-120.769966	214.62643
2016-11-09 19:38:28.052	1478720308052	19:38:28.000	35.76496	-120.769966	214.63121
2016-11-09 19:38:29.053	1478720309053	19:38:29.000	35.76496	-120.769966	214.63622
2016-11-09 19:38:30.062	1478720310062	19:38:30.000	35.76496	-120.769966	214.64145
2016-11-09 19:38:31.055	1478720311055	19:38:31.000	35.76496	-120.769966	214.64703
2016-11-09 19:38:32.069	1478720312069	19:38:32.000	35.76496	-120.769966	214.65266
2016-11-09 19:38:33.061	1478720313061	19:38:33.000	35.76496	-120.769966	214.65828
2016-11-09 19:38:34.056	1478720314056	19:38:34.000	35.76496	-120.769966	214.66396
2016-11-09 19:38:35.05	1478720315050	19:38:35.000	35.76496	-120.769966	214.66956
2016-11-09 19:38:36.051	1478720316051	19:38:36.000	35.76496	-120.769966	214.67506
2016-11-09 19:38:37.076	1478720317076	19:38:37.000	35.76496	-120.769966	214.68053
2016-11-09 19:38:38.079	1478720318079	19:38:38.000	35.76496	-120.769966	214.6859
2016-11-09 19:38:39.077	1478720319077	19:38:39.000	35.76496	-120.769966	214.69104
2016-11-09 19:38:40.078	1478720320078	19:38:40.000	35.76496	-120.769966	214.69609
2016-11-09 19:38:41.064	1478720321064	19:38:41.000	35.76496	-120.769966	214.70093
2016-11-09 19:38:42.12	1478720322120	19:38:42.000	35.764957	-120.769966	214.70586
2016-11-09 19:38:43.073	1478720323073	19:38:43.000	35.764957	-120.769966	214.71085
2016-11-09 19:38:44.053	1478720324053	19:38:44.000	35.764957	-120.769966	214.71596
2016-11-09 19:38:45.07	1478720325070	19:38:45.000	35.764957	-120.769966	214.72116
2016-11-09 19:38:46.056	1478720326056	19:38:46.000	35.764957	-120.769966	214.7265
2016-11-09 19:38:47.069	1478720327069	19:38:47.000	35.764957	-120.769966	214.73201
2016-11-09 19:38:48.068	1478720328068	19:38:48.000	35.764957	-120.769966	214.7375
2016-11-09 19:38:49.069	1478720329069	19:38:49.000	35.764957	-120.769966	214.74301
2016-11-09 19:38:50.049	1478720330049	19:38:50.000	35.764957	-120.769966	214.74902
2016-11-09 19:38:51.066	1478720331066	19:38:51.000	35.764957	-120.769966	214.7551
2016-11-09 19:38:52.049	1478720332049	19:38:52.000	35.764957	-120.769966	214.7612
2016-11-09 19:38:53.051	1478720333051	19:38:53.000	35.764957	-120.769966	214.76736
2016-11-09 19:38:54.059	1478720334059	19:38:54.000	35.764957	-120.769966	214.77362
2016-11-09 19:38:55.057	1478720335057	19:38:55.000	35.764957	-120.769966	214.78
2016-11-09 19:38:56.068	1478720336068	19:38:56.000	35.764957	-120.769966	214.7863
2016-11-09 19:38:57.05	1478720337050	19:38:57.000	35.764957	-120.769966	214.79266
2016-11-09 19:38:58.069	1478720338069	19:38:58.000	35.764957	-120.76997	214.799
2016-11-09 19:38:59.056	1478720339056	19:38:59.000	35.764957	-120.76997	214.86343
2016-11-09 19:39:00.06	1478720340060	19:39:00.000	35.764957	-120.76997	214.87007
2016-11-09 19:39:01.049	1478720341049	19:39:01.000	35.764957	-120.76997	214.8768
2016-11-09 19:39:02.083	1478720342083	19:39:02.000	35.764957	-120.76997	214.8837
2016-11-09 19:39:03.052	1478720343052	19:39:03.000	35.764957	-120.76997	214.8909
2016-11-09 19:39:04.053	1478720344053	19:39:04.000	35.764957	-120.76997	214.89821
2016-11-09 19:39:05.048	1478720345048	19:39:05.000	35.764957	-120.76997	214.9053
2016-11-09 19:39:06.058	1478720346058	19:39:06.000	35.764957	-120.76997	214.91237
2016-11-09 19:39:07.05	1478720347050	19:39:07.000	35.76496	-120.76997	214.91946
2016-11-09 19:39:08.049	1478720348049	19:39:08.000	35.76496	-120.76997	214.92685
2016-11-09 19:39:09.064	1478720349064	19:39:09.000	35.764957	-120.769966	214.93451
2016-11-09 19:39:10.055	1478720350055	19:39:10.000	35.764957	-120.769966	214.94252
2016-11-09 19:39:11.072	1478720351072	19:39:11.000	35.764957	-120.769966	214.95065
2016-11-09 19:39:12.058	1478720352058	19:39:12.000	35.76496	-120.76997	215.03386
2016-11-09 19:39:13.056	1478720353056	19:39:13.000	35.76496	-120.76997	215.04247
2016-11-09 19:39:14.074	1478720354074	19:39:14.000	35.76496	-120.76997	215.051
2016-11-09 19:39:15.074	1478720355074	19:39:15.000	35.76496	-120.76997	215.0601
2016-11-09 19:39:16.078	1478720356078	19:39:16.000	35.76496	-120.76997	215.0691
2016-11-09 19:39:17.075	1478720357075	19:39:17.000	35.76496	-120.76997	215.07802
2016-11-09 19:39:18.078	1478720358078	19:39:18.000	35.764957	-120.76997	215.08713
2016-11-09 19:39:19.065	1478720359065	19:39:19.000	35.764957	-120.76997	215.09659
2016-11-09 19:39:20.067	1478720360067	19:39:20.000	35.764957	-120.76997	215.1062
2016-11-09 19:39:21.078	1478720361078	19:39:21.000	35.764957	-120.76997	215.11606
2016-11-09 19:39:22.061	1478720362061	19:39:22.000	35.764957	-120.76997	215.12599
2016-11-09 19:39:23.064	1478720363064	19:39:23.000	35.764957	-120.76997	215.13588
2016-11-09 19:39:24.088	1478720364088	19:39:24.000	35.764957	-120.76997	215.14563
2016-11-09 19:39:25.061	1478720365061	19:39:25.000	35.764957	-120.76997	215.15544
2016-11-09 19:39:26.06	1478720366060	19:39:26.000	35.764957	-120.76997	215.16518
2016-11-09 19:39:27.059	1478720367059	19:39:27.000	35.764957	-120.76997	215.17467
2016-11-09 19:39:28.087	1478720368087	19:39:28.000	35.764957	-120.76997	215.18396
2016-11-09 19:39:29.072	1478720369072	19:39:29.000	35.764957	-120.76997	215.19327
2016-11-09 19:39:30.088	1478720370088	19:39:30.000	35.764957	-120.76997	215.20229
2016-11-09 19:39:31.087	1478720371087	19:39:31.000	35.764957	-120.76997	215.21115
2016-11-09 19:39:32.095	1478720372095	19:39:32.000	35.764957	-120.76998	215.2198
2016-11-09 19:39:33.073	1478720373073	19:39:33.000	35.764957	-120.76998	215.22835
2016-11-09 19:39:34.088	1478720374088	19:39:34.000	35.764957	-120.76998	215.23685
2016-11-09 19:39:35.092	1478720375092	19:39:35.000	35.764957	-120.76998	215.2454
2016-11-09 19:39:36.079	1478720376079	19:39:36.000	35.764957	-120.76998	215.25421
2016-11-09 19:39:37.076	1478720377076	19:39:37.000	35.764957	-120.76998	215.26292
2016-11-09 19:39:38.068	1478720378068	19:39:38.000	35.764957	-120.76998	215.2717
2016-11-09 19:39:39.075	1478720379075	19:39:39.000	35.764954	-120.76998	215.28029
2016-11-09 19:39:40.074	1478720380074	19:39:40.000	35.764954	-120.76998	215.28893
2016-11-09 19:39:41.082	1478720381082	19:39:41.000	35.764954	-120.76998	215.29738
2016-11-09 19:39:42.079	1478720382079	19:39:42.000	35.764954	-120.76998	215.30583
2016-11-09 19:39:43.095	1478720383095	19:39:43.000	35.764954	-120.76998	215.31438
2016-11-09 19:39:44.061	1478720384061	19:39:44.000	35.764954	-120.76998	215.3231
2016-11-09 19:39:45.072	1478720385072	19:39:45.000	35.764954	-120.76998	215.33174
2016-11-09 19:39:46.077	1478720386077	19:39:46.000	35.764954	-120.76998	215.34006
2016-11-09 19:39:47.072	1478720387072	19:39:47.000	35.764954	-120.76999	215.3481
2016-11-09 19:39:48.065	1478720388065	19:39:48.000	35.764954	-120.76999	215.35591
2016-11-09 19:39:49.085	1478720389085	19:39:49.000	35.764954	-120.76999	215.36372
2016-11-09 19:39:50.091	1478720390091	19:39:50.000	35.764954	-120.76999	215.37144
2016-11-09 19:39:51.069	1478720391069	19:39:51.000	35.764954	-120.76999	215.37909
2016-11-09 19:39:52.054	1478720392054	19:39:52.000	35.764954	-120.76999	215.38684
2016-11-09 19:39:53.062	1478720393062	19:39:53.000	35.764954	-120.76999	215.39447
2016-11-09 19:39:54.065	1478720394065	19:39:54.000	35.764954	-120.76999	215.40193
2016-11-09 19:39:55.068	1478720395068	19:39:55.000	35.764954	-120.76999	215.40898
2016-11-09 19:39:56.088	1478720396088	19:39:56.000	35.764954	-120.76999	215.41586
2016-11-09 19:39:57.071	1478720397071	19:39:57.000	35.764954	-120.76999	215.4226
2016-11-09 19:39:58.073	1478720398073	19:39:58.000	35.764954	-120.76999	215.4292
2016-11-09 19:39:59.092	1478720399092	19:39:59.000	35.764954	-120.76999	215.43568
2016-11-09 19:40:00.098	1478720400098	19:40:00.000	35.764954	-120.76999	215.44212
2016-11-09 19:40:01.075	1478720401075	19:40:01.000	35.764954	-120.76999	215.44847
2016-11-09 19:40:02.068	1478720402068	19:40:02.000	35.764954	-120.76999	215.45486
2016-11-09 19:40:03.08	1478720403080	19:40:03.000	35.764954	-120.76999	215.46114
2016-11-09 19:40:04.046	1478720404046	19:40:04.000	35.764954	-120.76999	215.46739
2016-11-09 19:40:05.646	1478720405646	19:40:05.000	35.764954	-120.76999	215.47292
2016-11-09 19:40:06.101	1478720406101	19:40:06.000	35.764957	-120.76999	215.47758
2016-11-09 19:40:07.064	1478720407064	19:40:07.000	35.764957	-120.76999	215.4817
2016-11-09 19:40:08.06	1478720408060	19:40:08.000	35.764957	-120.76999	215.48518
2016-11-09 19:40:09.076	1478720409076	19:40:09.000	35.764957	-120.76998	215.48824
2016-11-09 19:40:10.105	1478720410105	19:40:10.000	35.764957	-120.76998	215.49106
